{
  "Home": {
    "title": "Sproduct_agri",
    "description": "product_agri",
    "keywords": " product_agri"
  },
  "Account": {
    "order": {
      "title": "Account-Order",
      "description": "Orders",
      "keywords": "Orders"
    },
    "wallet": {
      "title": "Account-Wallet",
      "description": "Wallet",
      "keywords": "Wallets"
    },
    "Profile": {
      "title": "Account-Profile",
      "description": "Profile",
      "keywords": "Profile"
    },
    "Wishlist": {
      "title": "Account-Wishlist",
      "description": "Wishlist",
      "keywords": "Wishlist"
    },
    "Saveforlater": {
      "title": "Account-Saveforlater",
      "description": "SaveForLater",
      "keywords": "SaveForLater"
    },
    "Complaint": {
      "title": "Account-Complaint",
      "description": "Complaint",
      "keywords": "Complaint"
    }
  },
  "About": {
    "title": "About us",
    "description": "About us",
    "keywords": "About us"
  },
  "Contact": {
    "title": "Contact us",
    "description": "Contact us",
    "keywords": "Contact us"
  },
  "FAQ": {
    "title": "FAQ",
    "description": "FAQ",
    "keywords": "FAQ"
  },
  "Checkout": {
    "title": "Checkout",
    "description": "Checkout",
    "keywords": "Checkout"
  },
  "RefundPolicy": {
    "title": "Cancelation and Refund policy",
    "description": "Cancelation and Refund policy",
    "keywords": "Cancelation and Refund policy"
  },
  "Term": {
    "title": "Term & condition",
    "description": "Term & condition",
    "keywords": "Term & condition"
  },
  "Privacypolicy": {
    "title": "Privacy policy",
    "description": "Privacy policy",
    "keywords": "Privacypolicy"
  },
  "Sitemap": {
    "title": "Sitemap",
    "description": "Sitemap",
    "keywords": "Sitemap"
  }
}
